,acoustics/c50_db,acoustics/drr_db,acoustics/edt_ms,acoustics/frequency_bins,acoustics/t20_ms,acoustics/t30_ms,audio_info/checksum/ambisonics,audio_info/checksum/noise_ambisonics,audio_info/duration,audio_info/frames,audio_info/size/ambisonics,audio_info/size/noise_ambisonics,lite_version,noise/azimuth,noise/deep_noise_suppression_metadata/filename,noise/deep_noise_suppression_metadata/is_audioset,noise/deep_noise_suppression_metadata/label,noise/deep_noise_suppression_metadata/youtube_id,noise/distance,noise/elevation,noise/snr,noise/source_id,room/floor_area,room/room_id,room/surface_area,room/volume,sample_id,speech/azimuth,speech/directivity_id,speech/distance,speech/elevation,speech/librispeech_metadata/book_id,speech/librispeech_metadata/chapter_id,speech/librispeech_metadata/chapter_title,speech/librispeech_metadata/project_id,speech/librispeech_metadata/project_title,speech/librispeech_metadata/reader_id,speech/librispeech_metadata/reader_name,speech/librispeech_metadata/reader_sex,speech/librispeech_metadata/sequence_number,speech/librispeech_metadata/subset,speech/librispeech_metadata/transcription,speech/mrp,speech/source_id,speech/speaking_azimuth,speech/speaking_elevation,split
9,"[-17.54555544 -15.60784768 -14.51284595 -21.18983746 -12.31036719
  -7.18796228  -6.8058016   -3.44395977  -0.09647286   1.65831906
  -0.67846601   3.56109427   2.54786413  -3.17804107   4.70130579
   4.41085548   7.12624669   5.45259391   3.11006863   6.42700205
   7.2537161    6.98386679   8.68502215   7.25956259   7.83701004
   6.93562412   5.97463889   6.92418147   5.2975127    6.63549662
   7.81304261   7.27305643   6.28354808]","[-104.14057914  -95.94682836  -88.11588636  -77.53994408  -72.03470659
  -65.24031121  -59.74267656  -53.11477491  -52.71533288  -50.21178406
  -43.50334215  -37.84268276  -33.61939884  -28.01824564  -22.94689192
  -15.64222519  -12.17844941   -8.23766044   -3.80343443   -3.5538859
   -6.56909394   -7.17743022   -6.25869188   -2.83344344   -1.73363499
   -2.9334905    -4.60439201   -4.12750219   -6.59968121   -5.78607053
   -2.43109606   -2.03879441   -2.94140757]","[2406.906336   1819.76207701 1566.2452582  2766.00282598 1206.10156194
  816.33764197 1442.63360661  863.83391689  819.96868939  700.91586875
  685.86325582  813.38265526 1141.56833751 1049.90328926  562.73263924
  486.0709977   505.67866385  663.83078079  568.02258247  515.79105917
  470.09304474  508.07286979  316.38677122  492.45892795  493.44444773
  546.45771098  580.29929085  500.44180577  584.18370788  505.94356838
  462.59950231  519.42154492  531.38443645]","[1.25e+01 1.60e+01 2.00e+01 2.50e+01 3.15e+01 4.00e+01 5.00e+01 6.30e+01
 8.00e+01 1.00e+02 1.25e+02 1.60e+02 2.00e+02 2.50e+02 3.15e+02 4.00e+02
 5.00e+02 6.30e+02 8.00e+02 1.00e+03 1.25e+03 1.60e+03 2.00e+03 2.50e+03
 3.15e+03 4.00e+03 5.00e+03 6.30e+03 8.00e+03 1.00e+04 1.25e+04 1.60e+04
 2.00e+04]","[1815.32868228 1480.92142237 1275.3537222  1158.73503479 1076.61952859
  808.22570007  480.30993361  689.82730266  750.45227259  797.6976203
  776.22118989  581.19901796  419.59271907  456.68382312  507.04038078
  628.4790385   543.35805756  535.92480074  590.16835083  615.9778771
  567.87144701  565.36479308  634.07805896  552.55628822  559.42623816
  536.49434629  564.49886391  544.20236767  509.04808727  495.79758802
  470.3657978   475.50657056  474.12684967]","[1464.77880226 1534.26079669 1278.19030135 1087.34108757  903.03287607
  803.85289595  495.5139057   485.51356256  680.97781799  794.21135486
  673.37987722  562.62059528  503.87071936  447.19698189  537.38408257
  579.11078385  554.73569283  520.65022011  568.90499869  587.3309824
  569.86431924  556.87865416  545.29142582  561.73125948  594.99668574
  563.50404812  563.63113282  527.87005301  520.93888038  509.10773463
  462.94714262  465.50022027  470.01598462]",7ab2ded333f5eb921daa774f45cf3968667cd391e2cbc37c4c4103c562453b44,d45f1f3af8490ceca6e2231a3f0cfc07751056e59a9441c67ceb142426f32b95,10.0,169051,1400323,1457627,False,1.2170292917778218,7s1h0Op2ynY.wav,True,"""/m/02mk9,/m/07q2z82,/t/dd00066""",7s1h0Op2ynY,1.1433522393001347,-0.2900782360617624,16.032175035109162,18,108.62247875246851,57,366.1263122558594,353.5389404296875,9,-1.5355328255319203,5,3.1694093768508327,-0.015998345823153848,153,126209,1-06 Part First - Chapter 6 ,373,Jude the Obscure,93,Kathy,F,11,train-clean-360,AND LIVE SUMPTUOUSLY FOR HIM ON THE REMAINDER WELL ON SECOND THOUGHTS A BISHOP WAS ABSURD HE WOULD DRAW THE LINE AT AN ARCHDEACON,97.58436301066864,1,1.05611770633117,-0.04342741742936784,train
10,"[-17.66337118 -16.77081902 -13.24900325 -13.78244183 -18.30854286
 -18.83659356 -15.91799211  -3.61886472  -5.97131058   1.06686779
   1.45299355  -1.1898938   -6.24072731   1.66634537   1.50907707
   1.04197476   2.44410317  -2.36564607   0.12036602   1.03213366
   0.62300154   1.28267805   2.84558634   0.54144361   1.75402421
   1.84858479   0.65420704   1.0850665    1.6098012    2.3977175
   3.92088069   3.92961943   2.87267951]","[-110.03340196 -100.46696078  -91.2672561   -82.03952155  -72.2052561
  -69.99620762  -62.67165232  -60.66261467  -57.24584794  -53.1130593
  -44.47412867  -40.67970697  -38.38422506  -32.28242253  -29.69695884
  -23.72193385  -16.98348285  -13.82559845  -10.97311978  -10.72174498
  -13.37096849  -16.64054159  -17.07848598  -15.81569547  -15.55010807
  -16.80120421  -19.59799255  -23.04384822  -20.92935521  -19.25657204
  -18.98345775  -24.58398928  -23.01831863]","[2312.01005038 1807.68254306 1620.45774806 1349.72263864 2033.94996046
 1557.36713991 1447.24395313  881.90058915 1049.94774424  677.04257647
  775.19691603 1093.5986226   558.7918225   752.60130684  625.54220492
  683.4781607   730.83071653  830.90396592  747.81611653  791.67262995
  695.73514628  622.34796002  576.68840571  618.68462363  636.98675861
  614.00243296  662.6396925   660.15852503  646.86608041  577.69709488
  494.44693308  502.73179862  535.0749877 ]","[1.25e+01 1.60e+01 2.00e+01 2.50e+01 3.15e+01 4.00e+01 5.00e+01 6.30e+01
 8.00e+01 1.00e+02 1.25e+02 1.60e+02 2.00e+02 2.50e+02 3.15e+02 4.00e+02
 5.00e+02 6.30e+02 8.00e+02 1.00e+03 1.25e+03 1.60e+03 2.00e+03 2.50e+03
 3.15e+03 4.00e+03 5.00e+03 6.30e+03 8.00e+03 1.00e+04 1.25e+04 1.60e+04
 2.00e+04]","[1794.25522423 1464.29830139 1375.0150785  1283.56527593  776.85481812
  702.22733283  630.44925025  868.77277858  616.66764244  783.06566296
  721.18714987  599.80742084  780.15543703  619.09011007  654.3437151
  646.37487193  664.88279966  554.63073994  654.68453338  554.34622981
  584.18837344  579.41085273  602.53598583  596.49203036  577.20340508
  611.67162389  589.5038195   565.91936297  569.45718253  555.71689736
  477.51239085  461.92458519  447.38188944]","[1488.96866364 1522.24737898 1293.27246117 1100.93276801  794.96077629
  745.50865308  583.47612595  772.65104064  621.46272243  755.87915572
  642.96045992  558.17153693  663.98376272  595.22042825  605.987836
  522.99598835  572.64502455  574.45136078  585.21823994  553.54478741
  598.64986889  595.73494283  593.18991704  595.21529101  597.5073585
  595.18513859  586.15225765  560.52876299  582.33435574  561.00760085
  471.0578681   462.48000011  450.75765836]",d90e2c2e7869eca7a1db29fc14a387afa2411777b78b2a725b1df59a960d0203,1706b1ec4a7474bbf34115b9a065fe9180f41dba83492f63c07bc6069f7a5fef,10.0,167905,1464377,1225077,False,-2.4798288035183176,6zW4BGEx0Bw.wav,True,"""/m/025rv6n,/m/07st89h,/m/09b5t""",6zW4BGEx0Bw,3.0439068988801976,-0.06663616857846666,20.36026290228615,14,39.4015073405556,2,159.59754943847656,125.2392578125,10,1.5129398985722435,15,2.296931133943242,-0.10742826451374565,8933,163527,51 - The Widow's Son ,2378,Popular Tales from the Norse,3119,Sharon Riskedahl,F,29,train-clean-360,AND THEN WE'LL BE OFF AS FAST AS WE CAN SO WHEN THE LAD HAD GOT ON THE HORSE OFF THEY WENT AT SUCH A RATE HE COULDN'T AT ALL TELL HOW THEY WENT,94.62694257619594,1,-2.702691283467152,0.06382376726502059,train
11,"[-17.16347498 -14.1147863  -10.9983767  -12.03292479  -9.76184786
  -3.31362795  -2.63844308  -1.3665808    4.09174334   9.18806388
   7.72127815  11.62574064  13.79287025  11.17697703  11.05595575
  16.64986495  13.63937202  15.27734776  12.44693682  13.46178791
  13.37592099  12.64335381  10.70235596  10.26370774  10.69780679
   9.98833844   7.54483045   9.8514172    8.99899494   8.71693245
   7.0999003    6.72494194   8.1750736 ]","[-93.63282623 -83.98189506 -74.1942806  -64.5215775  -62.6519258
 -54.46606069 -39.8657282  -47.58324551 -44.24067195 -37.54516733
 -31.86830908 -26.87974331 -21.5601234  -20.91820008 -11.86541108
  -6.64053672  -3.22762692  -1.88489391   2.89919205   4.36822551
   4.68847871   0.43654619  -2.6699275   -2.07867363  -0.17531896
  -0.79263333  -4.46058983  -2.7944121   -5.41073276  -6.64970754
  -7.78059852  -9.84140085  -4.17809815]","[2449.13771631 1863.84146261 1577.64192863 1218.60924879 1099.00203334
  891.89314494  614.92772299  570.01594398  810.84091016  309.06661846
  311.33488088  194.17236001  147.00058574  246.40457142  233.33063575
   85.49314796  100.02692236  186.76307153  226.83275419  298.70865984
  289.76323782  279.4976572   299.4274662   256.92857572  304.67714915
  302.74586505  394.67934949  315.09885248  306.88184657  308.9843501
  366.08989244  375.07736241  352.07161431]","[1.25e+01 1.60e+01 2.00e+01 2.50e+01 3.15e+01 4.00e+01 5.00e+01 6.30e+01
 8.00e+01 1.00e+02 1.25e+02 1.60e+02 2.00e+02 2.50e+02 3.15e+02 4.00e+02
 5.00e+02 6.30e+02 8.00e+02 1.00e+03 1.25e+03 1.60e+03 2.00e+03 2.50e+03
 3.15e+03 4.00e+03 5.00e+03 6.30e+03 8.00e+03 1.00e+04 1.25e+04 1.60e+04
 2.00e+04]","[1647.82731798 1422.77656416 1017.80360259  922.14318641  783.50337071
 1062.44671352  903.01693359  495.1798169   437.86606549  598.26966283
  477.1191927   509.07338752  410.47691998  363.70743519  339.51072257
  325.5792906   390.03411788  357.6612463   350.00071416  411.93751873
  431.87624223  405.76330697  382.64327158  389.94954571  397.42633368
  384.88005042  362.23275807  376.08360552  379.4759422   374.39588831
  365.94790298  367.09839453  373.28356218]","[1485.94580426 1289.40385282  885.02059709  934.97385084  838.98760329
  848.48772786  868.16639977  456.90558456  381.79421454  561.66481969
  313.85070084  406.0929241   414.62253925  394.55939875  353.90486922
  355.42009284  413.99795098  387.53694456  344.95162591  376.34467096
  378.24735671  370.41163973  350.74617285  386.38086913  409.81799663
  383.48054163  366.57664994  377.17081458  379.70952257  379.57939522
  352.563678    352.17347661  365.01659198]",2aab7722a78c53c9772504823aa8da2dfd36b36a8d49fe346dff28fbf49ff90c,2fb5e2eebb01107db8f9f8439983fe8283ef5753de265dbf50bd68ed7a4cd010,10.0,193200,1591310,1117753,False,-2.532752591926254,QJbXwcgW2QA.wav,True,"""/m/04szw""",QJbXwcgW2QA,0.982120826088126,-0.2710977282615161,33.416533445697226,19,75.61934791743778,26,270.4472961425781,243.60557556152344,11,1.9411482307261727,8,0.6704189352374672,-0.32889603208847173,4276,142286,Chapter 12 ,1284,North and South,250,Mary Reagan,F,23,train-clean-100,FIFTEEN SHILLINGS A WEEK AND THREE SAVED OUT OF THEM THOUGHT MARGARET TO HERSELF BUT SHE MUST HAVE BEEN VERY YOUNG SHE PROBABLY HAS FORGOTTEN HER OWN PERSONAL EXPERIENCE BUT SHE MUST KNOW OF THOSE DAYS,98.58049749026775,1,2.5702980784428004,0.6170058995116356,train
12,"[-17.43353033 -15.51044095 -12.98676384 -12.54329114  -8.62110761
  -7.81663227  -5.94557404  -4.03997615  -3.46538801  -3.44513216
  -1.2436049    2.68366663   5.78978845   9.31113497  11.33930306
   4.46092051  12.96447406  10.09157079  10.66320578  11.33249258
  10.22407498  11.00013695  10.71815665  11.9095294   12.38964603
  13.44460015  11.78827298  12.16449842  11.60558814   8.90119988
   8.15403619   7.15074708   5.52926798]","[-97.2610439  -86.8149456  -76.41944644 -74.15457362 -70.64174264
 -66.56978829 -57.30206873 -53.1409316  -53.27714744 -48.99734094
 -41.78006389 -34.82037433 -24.16101002 -22.54441851 -16.76878593
 -11.25432317  -6.13220496  -4.01775441   0.10687086   1.38235867
  -1.2210789   -2.06332797  -0.21346161   0.95107563   2.97751746
   3.88820788   2.63260057   0.3517675    0.31304002  -2.42924215
  -0.92778682  -0.84342823  -3.81696959]","[2471.37635234 2046.54619526 3580.34709945 1564.72769881  977.72982124
  988.70047453 1476.13592719  791.70682441  786.05878982  745.1806675
  808.49397919  719.13681142  685.0361363   280.88587069  242.61858625
  518.16814258   67.42250517  242.83594573  327.45156224  282.4072337
  304.20012785  335.72161757  353.81020397  323.75071536  322.6616521
  465.5630783   411.26856183  367.47974916  370.2582249   372.26390624
  455.8401366   504.68449534  486.89622116]","[1.25e+01 1.60e+01 2.00e+01 2.50e+01 3.15e+01 4.00e+01 5.00e+01 6.30e+01
 8.00e+01 1.00e+02 1.25e+02 1.60e+02 2.00e+02 2.50e+02 3.15e+02 4.00e+02
 5.00e+02 6.30e+02 8.00e+02 1.00e+03 1.25e+03 1.60e+03 2.00e+03 2.50e+03
 3.15e+03 4.00e+03 5.00e+03 6.30e+03 8.00e+03 1.00e+04 1.25e+04 1.60e+04
 2.00e+04]","[ 700.04288977 1226.47473998  722.20312742  843.19682603  792.98541598
  767.4684878   458.258344    406.9973257   483.22076728  446.12602233
  264.28268893  371.21930959  443.03248491  600.81470301  550.91284686
  375.8182535   516.2014741   482.39460699  306.7317958   331.82274014
  320.69753928  342.5984518   365.58891932  344.86323074  367.07192789
  350.30182635  334.4689052   315.23144097  293.86201083  331.51640881
  348.42209316  369.45401566  352.12758839]","[ 650.45258107 1145.74509131  678.14257821  857.77594059  773.70251556
  689.73971265  444.18504016  424.83878359  487.46851807  540.39880142
  380.28912715  368.18469266  398.20258227  430.52899681  474.22224196
  359.96902608  454.81530379  410.44642057  323.81524591  357.83658916
  359.17393482  349.80411247  351.83591735  344.55744753  352.40240858
  334.8908528   354.83143973  321.30238373  314.96306983  344.47925387
  353.95382892  362.8074908   353.35270942]",c5fe95293f09e85571a6b7052c743726035e394ec4b88a213658ff0a7e05916d,7d01b4c8aa0f7e7c805f6ea945c0c49689ef62d5a679cf5e6345944bab6713a7,10.0,167050,1390443,1386434,True,-1.2179360534034425,ygzDxlvP-W0.wav,True,"""/m/01d3sd""",ygzDxlvP-W0,3.1553440749505004,0.039748576930159096,13.795973737451327,8,72.20967273363505,34,247.0672607421875,201.24488830566406,12,2.7022254970960997,2,1.6500123073841932,-0.08697510241665984,17189,20016,01 - Christmas Revived ,3788,"Autumn Leaves, Original Pieces in Prose and Verse",4898,greatbasinrain,M,35,train-clean-100,ROSE HIGH AND LOUD WHILE A GREAT THUNDERING AT THE FRONT DOOR OF THE CHURCH ANNOUNCED THAT THE PEOPLE BELOW HAD ALSO CAUGHT THE SOUND OF THE MUSIC AND WERE CLAMOROUS FOR ADMISSION,99.29107587683247,1,1.4619268535679695,0.007106518183948474,train
14,"[-18.04269329 -13.71845942 -15.72391163 -19.20490478 -10.18246847
  -5.83270463  -3.49225509  -2.49929413  -0.99531075  -4.03104134
   0.04503066   5.67396971   5.65804055   3.22609888   0.14682434
   4.1640771    5.57079906   1.88507115   6.69841244   7.01226947
   5.10354496   4.57737434   6.01340034   6.38712826   5.85034329
   5.54195059   5.35909092   6.21661566   6.0714996    4.69797121
   4.0405431    3.91997393   4.00312992]","[-104.07146071  -94.74782345  -86.11101322  -74.28578405  -64.15305141
  -54.17686131  -51.83528028  -50.48221927  -48.04551587  -48.46406116
  -38.44375233  -35.37472976  -30.4451315   -24.97801172  -18.06226366
  -15.58913573  -11.75735158   -8.43416007   -5.6559593    -2.63707139
   -1.82053928   -4.50611749   -3.4577216    -5.4943043    -4.77725019
   -6.07895669   -6.59274455   -6.37166586   -5.4789      -10.30708107
  -13.2390792   -10.73208668  -12.43294429]","[2444.23145264 1788.72567318 1626.06947913 2101.34114588 1180.10658653
  756.215837    687.7822789   697.25748921 1173.26101734  747.0931813
  637.37427482  499.64680482  486.13637643  627.64874818  863.13667056
  506.68658297  512.2708096   744.91750184  446.51510266  504.74025133
  594.10061337  494.4994977   499.81463754  439.32405103  428.08124622
  444.87199346  434.54244575  421.75825888  422.06421569  419.08903152
  431.7264638   465.14194947  453.7357011 ]","[1.25e+01 1.60e+01 2.00e+01 2.50e+01 3.15e+01 4.00e+01 5.00e+01 6.30e+01
 8.00e+01 1.00e+02 1.25e+02 1.60e+02 2.00e+02 2.50e+02 3.15e+02 4.00e+02
 5.00e+02 6.30e+02 8.00e+02 1.00e+03 1.25e+03 1.60e+03 2.00e+03 2.50e+03
 3.15e+03 4.00e+03 5.00e+03 6.30e+03 8.00e+03 1.00e+04 1.25e+04 1.60e+04
 2.00e+04]","[ 716.81682626 1285.80812444 1338.06360647 1064.82482767  951.20628502
  914.03596723  876.47547225  545.53960659  499.23710197  515.838827
  554.06430687  512.32639027  400.63647583  314.3960444   378.37392709
  437.53374294  396.69060944  430.7039409   395.26331891  452.83354335
  406.13368215  372.60144689  379.74097767  391.42301222  381.83784969
  371.72221188  365.09392574  353.75418304  345.00062653  370.4303408
  383.91393698  388.21565705  379.47920181]","[ 733.7726921  1192.45970254 1004.23105822  913.04553247  811.41890853
  742.79960667  697.2226217   666.81542755  522.24336994  543.05983638
  467.67870901  451.37933667  389.55155058  325.66154003  427.1032329
  436.91082523  423.05294662  346.80581698  442.59420891  425.24215748
  402.92723479  376.15406603  391.81605229  379.41002951  364.60899964
  381.03454396  374.77165612  354.81738451  348.7790299   373.38109223
  383.98471675  391.21075018  379.68653428]",d7044d503a245a9add9043bbe3beea67951229e4df179d41861d4e486d427934,830555436394164d7bb82ff83ebac6296ce18e2842acd90954ce4e5db78470d4,10.0,185804,1614944,1221730,False,-0.8054383745485492,H9Orh-a1yDQ.wav,True,"""/m/01m2v""",H9Orh-a1yDQ,2.936528868233974,0.027125650899573195,30.09167348464682,8,39.91198093097239,42,167.60321044921875,123.95986938476562,14,-0.3266059590716948,11,1.0625442308603152,-0.09992593026471754,26640,185485,Chapter 8 ,3398,Humbugs of the World,1212,Lee Ann Howlett,F,11,train-clean-360,EVER EXPERIENCED BY A MEMBER OF THE HUMAN FAMILY BUT WAS A MOST IRREFRAGABLE EVIDENCE OF THE IMPURITY OF THE BLOOD AND IT WOULD HAVE BEEN BLASPHEMY TO HAVE DENIED THE SELF EVIDENT THEORY THAT,93.93988630802038,1,2.4171285949277443,0.12411618860309215,train
15,"[-17.49796245 -16.57463146 -13.34948295 -11.88786364  -9.2926743
  -9.67234383  -6.13691358  -2.2448765    3.31011122   7.08798381
  -3.73090919  -6.79588996   6.1092825    2.05799625  -4.6721402
   0.14190595   7.2212916    5.58306457   2.95253336   5.37968075
   6.32048955   3.48734575   7.05998767   5.33001318   3.69741399
   6.37871467   5.71764058   6.5449944    5.26989072   5.21862839
   7.39904227   7.28692957   8.53867181]","[-116.03202717 -107.39561301  -99.9905727   -90.41187346  -81.53899101
  -69.92479068  -64.64323137  -69.24630499  -66.62669667  -61.20114402
  -52.23415922  -46.07286288  -40.80577685  -36.99699773  -29.20013561
  -24.39403369  -22.37242698  -21.14681866  -14.87897912  -12.35822591
  -14.78549278  -13.59833446  -15.61719329  -19.24715325  -19.34371002
  -21.57058688  -22.3213649   -26.78192855  -30.03532114  -33.01001001
  -37.31160575  -29.57758593  -16.82519339]","[2424.34799573 1806.04149515 1644.98035529 1139.93466351 1420.51272261
 1864.59466684 1431.55251199  572.31392114  620.50735285  398.96683276
 1050.8596726   634.21956219  616.40449352  552.43597437 1004.32702026
  580.23205108  669.80352295  456.53974749  637.70272523  518.27897006
  486.48039547  631.84769533  492.58494983  460.73048077  495.56631073
  413.0598527   471.56470014  505.04414978  510.62678719  486.4138127
  450.19619996  436.43754705  374.0459165 ]","[1.25e+01 1.60e+01 2.00e+01 2.50e+01 3.15e+01 4.00e+01 5.00e+01 6.30e+01
 8.00e+01 1.00e+02 1.25e+02 1.60e+02 2.00e+02 2.50e+02 3.15e+02 4.00e+02
 5.00e+02 6.30e+02 8.00e+02 1.00e+03 1.25e+03 1.60e+03 2.00e+03 2.50e+03
 3.15e+03 4.00e+03 5.00e+03 6.30e+03 8.00e+03 1.00e+04 1.25e+04 1.60e+04
 2.00e+04]","[1670.11837833 1397.80730828 1296.87032665 1091.06308817  739.58134356
  500.88512352  654.11609088  583.60367547  564.16176724  793.17806785
  439.36450481  485.27439131  468.38535509  468.26595371  437.88610406
  503.42572048  534.12862121  450.03212878  521.1568139   503.49110311
  441.86044111  442.30332984  491.01881044  442.53652086  494.78744583
  487.51056909  482.43079837  471.1563891   471.69757615  438.35500669
  439.37072889  456.60695632  467.35070693]","[1529.80506545 1165.75433016 1141.68172629 1076.20046379  776.7502044
  617.04378491  555.84042298  538.99883571  518.30180777  573.47203563
  369.48728257  436.56134542  518.67849702  495.22704887  524.82373894
  502.49483362  509.61190914  513.18854207  493.73368819  491.7890632
  471.772934    485.97488961  487.20941556  475.77202299  497.70389597
  485.7837378   472.42770458  459.78610081  468.0460545   456.16194597
  444.32106132  452.16848812  452.79099944]",cfa5009d8885a44f1b0f095a7578327b40939e10edc7741d98ea5120bd0c5e6e,5cdd07ee640cdd0f359619772a69cb2cce8dde90be7862e031634fb0c0ff74ed,10.0,176062,1516489,1076549,False,-0.7808730112108959,FZKqNaxzM6o.wav,True,"""/m/0342h,/m/04rlf,/m/07xzm,/t/dd00125""",FZKqNaxzM6o,1.311682463574448,0.09922668512347244,36.7289253446654,11,23.340618703745292,46,104.54885864257812,60.7110481262207,15,-0.6208176579086206,6,2.2126976390546464,-0.1309066008283466,24020,26982,57 - Why Tito was Safe ,4018,Romola,5604,kittyandcheese,F,10,train-clean-360,HE WAS TO RETAIN HIS SECRETARYSHIP FOR ANOTHER YEAR UNLESS HE PREVIOUSLY RESIGNED IT AND LASTLY THE PRICE BY WHICH HE HAD OBTAINED THESE GUARANTEES WAS TO BE KEPT AS A STATE SECRET,97.19713100700088,1,-3.063762164773897,0.33423736028240025,train
16,"[-15.51861055 -15.12097633 -14.29565624 -11.93169203  -5.5455538
  -7.07334251  -2.85622153   0.47786454  -2.96981447  -2.88854748
   2.5993323   11.95513777  10.16792396   7.88675805   6.02115424
  10.38921622  12.01377257  12.43153884  12.15706409  12.21415153
  11.65653831  10.57397529  10.62560593   9.68656486   8.27557784
   8.88559975   8.62156934  11.12099567  10.38698669   9.05750719
  10.02624376   8.44562568   7.04239495]","[-89.98169566 -77.60130545 -79.57709807 -71.76111168 -59.24778082
 -55.11112662 -52.08480935 -51.37009301 -51.32637575 -44.25568058
 -34.44684841 -36.28896111 -29.13093884 -22.81229591 -15.43809532
 -10.53429354  -6.74237719  -3.5469323   -0.35842802   1.25359791
   1.49519061   2.34742103  -2.13400834  -1.09423912  -0.77028211
  -0.11075813   1.31077726  -0.41996964  -3.01051594  -3.32205623
   0.29918371  -1.56757823  -3.03843857]","[2297.60631486 1651.58906235 1597.20312253 1309.15709926  860.51415513
  835.03837139  611.63837981  494.44822482  618.03651908  757.34918455
  466.39945081  268.30032785  257.62505364  341.68115364  668.87180079
  191.50462679  194.35075102  227.18165164  172.70671062  149.96009462
  252.56445752  377.08806519  267.39009377  337.05838577  455.30015352
  414.28995528  519.84067057  266.23867775  279.02481025  366.53138583
  368.74315293  432.6728284   485.81613309]","[1.25e+01 1.60e+01 2.00e+01 2.50e+01 3.15e+01 4.00e+01 5.00e+01 6.30e+01
 8.00e+01 1.00e+02 1.25e+02 1.60e+02 2.00e+02 2.50e+02 3.15e+02 4.00e+02
 5.00e+02 6.30e+02 8.00e+02 1.00e+03 1.25e+03 1.60e+03 2.00e+03 2.50e+03
 3.15e+03 4.00e+03 5.00e+03 6.30e+03 8.00e+03 1.00e+04 1.25e+04 1.60e+04
 2.00e+04]","[1835.44355576 1505.07896095 1096.17213339  898.30886619  646.46371871
  780.46051484  606.71866402  471.17084054  699.8102188   454.498185
  595.34088615  608.36712603  387.29863575  504.47098127  489.25941569
  346.91047235  467.05006201  464.93403041  451.61129238  401.48558121
  429.94175902  431.21546482  403.6062385   530.7383905   525.15823521
  491.1800392   457.11664195  461.93814256  475.70548535  465.42421595
  459.31597554  448.93378097  458.09339259]","[1451.94267903 1504.97579593 1131.51336894 1023.49214277  757.72870538
  697.66854883  701.32405268  500.26802351  677.18322373  586.13156636
  517.02648875  571.78595801  486.24147936  407.07227683  456.06314507
  452.98742438  500.10581807  470.31514677  531.59766715  485.22280887
  481.19802114  457.56046002  454.01922477  514.74622122  525.05410063
  479.63293426  468.39032268  465.92269364  476.66846987  464.84526957
  456.02576046  450.49299411  448.65197686]",0253f35229d535a6365825877695eac07a5b8c7f31942566059ed0284886aff9,b42897f4f01b160b83f998b81ac0894fe61e4eaa2732502016eadb5331afbda0,10.0,194781,1704921,1204963,False,0.46356500771633424,XJTZXOc2Dps.wav,True,"""/m/03qtwd,/m/053hz1,/m/09x0r""",XJTZXOc2Dps,2.3873609013460295,0.010069171720352266,33.405469219520626,16,131.326707016392,4,448.3813171386719,466.9713134765625,16,-2.326167233583304,13,2.277625044116291,0.19485763528792432,543,124549,Chapter 36 ,279,Main Street,512,Anthony Craine,M,34,train-clean-360,BUT WAS I MORE HAPPY WHEN I WAS DRUDGING I WAS NOT I WAS JUST BEDRAGGLED AND UNHAPPY IT'S WORK BUT NOT MY WORK I COULD RUN AN OFFICE OR A LIBRARY OR NURSE AND TEACH CHILDREN,94.02982048972032,1,1.3266814282728383,-0.18791803506906835,train
17,"[-17.72149442 -16.84416838 -13.86152864 -10.01756239 -13.50182789
  -6.1468894   -4.15026423  -3.57774163  -8.20693623  -8.00809088
  -8.25874114  -7.79680031  -3.19810146  -2.45255719  -2.83644209
   1.76835343   2.61191678   0.62812173  -1.2867377    0.96126065
   1.30260161   2.28667581   1.80867282   0.90524974   0.95944961
  -0.29442565  -0.38808326  -0.07949586   0.2179786    2.06686913
   5.13059421   4.94771776   5.35250536]","[-116.3527989  -106.49901842  -96.86329201  -83.67799391  -80.15172306
  -71.03731496  -69.4467171   -70.89805047  -66.9528078   -63.05238044
  -54.33779866  -48.66280504  -42.087849    -40.01967428  -34.28576485
  -30.81649025  -26.2027501   -21.68081467  -17.64227714  -19.27018694
  -20.04198292  -20.07915223  -19.09862691  -19.14882614  -20.45809116
  -23.36378804  -23.05796748  -23.49858787  -24.03966894  -27.4808725
  -30.03943277  -25.73190066  -26.03715723]","[2311.50789459 1831.50386264 1584.63933656 2819.31681133 2469.53284231
 2076.81910381 1997.61934886  941.99970058  982.5017912  1137.05192058
 1132.52078338 1088.33769411 1079.4746658   715.71987554  945.94223957
  819.98685471  775.01815942 1160.74920307 1152.13804488  958.74764255
  829.08273003  880.88892553  845.98201194  981.08348531  885.39770469
  822.44045913  929.68513171  831.7477176   816.03322617  749.05596066
  559.82894185  505.91166733  483.20607554]","[1.25e+01 1.60e+01 2.00e+01 2.50e+01 3.15e+01 4.00e+01 5.00e+01 6.30e+01
 8.00e+01 1.00e+02 1.25e+02 1.60e+02 2.00e+02 2.50e+02 3.15e+02 4.00e+02
 5.00e+02 6.30e+02 8.00e+02 1.00e+03 1.25e+03 1.60e+03 2.00e+03 2.50e+03
 3.15e+03 4.00e+03 5.00e+03 6.30e+03 8.00e+03 1.00e+04 1.25e+04 1.60e+04
 2.00e+04]","[1861.06082853 1487.71819836 1509.42675471 1095.31202052 1141.39334941
 1616.87180065 1005.2346691  1138.69723184 1093.5673314  1139.43528553
  995.83313389  911.34459668  957.48270928  922.92217386  839.64207283
  728.78828658  835.96637466  839.17389757  873.11683204  828.73219387
  938.9971228   958.55993275  953.95091839  975.512041    973.8212087
  942.8969991   906.75145428  782.99189063  826.50153547  789.30144082
  500.26214226  461.23733156  458.37566844]","[1946.14005377 1589.6807976  1435.60974997 1296.98251465 1002.6448105
 1490.78430449  980.16298303  962.50113535 1034.32034988 1047.99335837
  917.79816584 1047.86011618  873.12471345  847.95243196  771.58397298
  837.26066539  812.25430245  875.1027646   872.47283643  914.0807411
  932.21957166  962.07667739  986.22957417  957.48170105 1005.86526479
  985.65647392  929.08039683  797.20277277  824.71662417  797.40243458
  536.21030734  464.38064948  455.53943896]",32af2858ff77242f2ee43a1022b1ca1689c5a1469dce1efcc72db725040ed95d,2121e2adf43363ad9fd7813583a1d46dcb4036ff37bf28575627953dc3d884b7,10.0,202969,1804240,1710761,False,-2.8796328300237852,WnjewCMoLzQ.wav,True,"""/m/04rlf""",WnjewCMoLzQ,2.013906318756969,0.2052833912977201,10.56613575038882,16,33.94572904833922,3,146.13816833496094,113.96281433105469,17,-0.30989487567046137,3,2.9857307173116343,-0.20361351023314533,540,163612,25 - The Enchanted Canary ,2382,Red Fairy Book,3540,Bill Ruhsam,M,34,train-clean-360,WHICH THE GREAT DOG INSTANTLY SNAPPED UP AND THE YOUNG PRINCE PASSED QUIETLY ON A FEW YARDS FURTHER HE SAW A HUGE OVEN WITH A WIDE RED HOT GAPING MOUTH A WOMAN AS TALL AS A GIANT WAS LEANING OVER THE OVEN,90.63474673285464,1,-2.4987558851314535,0.16779154978199975,train
18,"[-17.63352033 -16.61044409 -13.37923473 -11.84312873 -10.86598455
 -17.29777389 -16.76099787  -4.39200624  -0.84694854  -0.1171048
  -0.67656347   5.17431917   4.10071441  -1.88416541  -3.99179057
   1.82382041   6.89210121   4.54820256   5.00213855   6.51927865
   3.23203152   6.53427135   5.75600157   5.81603683   5.90188807
   6.82689039   8.03518674   7.19865569   6.15084541   7.42692899
   7.69296559   8.21620171   6.67741187]","[-109.19981214 -100.45618896  -92.46050448  -82.3681956   -73.64397698
  -63.47202526  -57.32130539  -55.08082086  -53.3711627   -53.36546228
  -43.51279864  -40.47374008  -39.06149364  -30.61372784  -24.64741546
  -21.83429923  -18.7596202   -16.44492887  -13.33068597  -11.60652181
  -10.11168976  -13.32118566  -14.73342609  -15.4155211   -16.96068514
  -18.20828897  -17.63628732  -19.99794071  -21.41222729  -26.72957808
  -28.06032205  -27.99559385  -25.27538789]","[2415.03272545 1914.73801433 1552.73115648 1775.08662046 1575.15666569
 2200.37622395 1236.5719369   910.02233591  886.8348411   510.0806211
  614.69274348  585.90995829  414.45957031  621.73341225  597.0896665
  472.80746622  340.05680183  432.70934307  409.665964    396.32206663
  457.90468059  358.31399819  376.87789196  395.53336554  390.92586127
  352.34853472  321.87734233  336.20393282  354.3188146   353.31922748
  360.65917721  335.61969533  350.58303672]","[1.25e+01 1.60e+01 2.00e+01 2.50e+01 3.15e+01 4.00e+01 5.00e+01 6.30e+01
 8.00e+01 1.00e+02 1.25e+02 1.60e+02 2.00e+02 2.50e+02 3.15e+02 4.00e+02
 5.00e+02 6.30e+02 8.00e+02 1.00e+03 1.25e+03 1.60e+03 2.00e+03 2.50e+03
 3.15e+03 4.00e+03 5.00e+03 6.30e+03 8.00e+03 1.00e+04 1.25e+04 1.60e+04
 2.00e+04]","[ 613.46613895  952.05012277 1257.73276933 1005.5165527   841.23470339
  523.11813743  466.10152088  292.09477944  410.62514532  377.4113851
  376.33598559  432.23286051  351.31320947  264.20309776  313.71423376
  346.92878496  323.20770914  372.74616215  318.20191894  328.27623268
  316.65593389  315.86952003  295.12920317  359.98706951  332.81013009
  315.0647657   324.72835925  314.91394811  323.14305916  322.55620338
  308.91073711  300.77666303  319.06317219]","[ 550.94016282  925.6151155  1057.10714855  942.8782703   773.5808495
  606.27387356  427.36908792  417.47082112  381.8577104   346.98429229
  348.41263203  362.82781254  314.23522462  285.88734063  356.48848383
  354.79339658  347.17956516  324.57002694  369.1804236   336.36143503
  330.49757889  326.24851833  318.38166643  335.91662471  318.81871138
  324.83899064  327.67742637  321.93680057  321.09949148  316.6250131
  307.62150508  304.77161593  311.09965345]",d356c6af13f9c110a82ad6203b1f278f16661c913046e837b26528dd67a64100,14bcf5e203136423aa249b261ed69bbccd5003d946cb43f7de3bd6f26a143a54,10.0,202327,1761410,1251206,False,-0.4654805454775355,9omIxagyz5g.wav,True,"""/m/085jw""",9omIxagyz5g,0.6301547144136262,-0.2401465870013757,34.79621133657457,2,25.557541715648995,31,127.84916687011719,82.60299682617188,18,-2.733372260809073,6,1.8662010842504977,0.03892034677516154,4042,161102,Expressions Critical ,2256,Mozart: The Man and the Artist as Revealed in His Own Words,2110,Aaron Elliott,M,0,train-clean-360,SIXTY NINE WE WISH THAT IT WERE IN OUR POWER TO INTRODUCE THE GERMAN TASTE IN MINUETS IN ITALY MINUETS HERE LAST ALMOST AS LONG AS WHOLE SYMPHONIES,94.55193753179265,1,2.845841564624383,0.0359665042246542,train
19,"[-17.4442041  -16.52524412 -13.99008485 -15.42339141 -14.53635297
  -6.3830962   -4.32868039   0.86396449  -2.8989956   -1.91289289
   4.11693058   1.86636477   5.3882382    7.8837099    4.75120967
   3.7708242    7.33919725   8.27297727   4.85362206   6.22814714
   5.72776811   3.32197054   6.38239286   4.82067363   3.18652932
   5.22161514   4.34905541   4.60363506   5.02734552   4.71769644
   5.1986766    5.11545606   4.72969367]","[-106.38654685  -95.69602218  -86.59889506  -78.27949437  -68.34479126
  -61.24669213  -61.75660144  -55.13548894  -55.38840845  -48.89194864
  -36.34367414  -39.42367017  -33.66200566  -30.62985402  -22.52048455
  -16.61400469  -14.0896377    -9.52702742   -5.37906965   -3.66737278
   -2.52576504   -3.97453113   -7.4426028    -7.73229968   -5.67511325
   -4.52525619   -4.50920855   -8.29625905   -7.29373541   -9.02875473
   -6.92115687   -6.52652772   -7.03128329]","[2319.51420961 1808.16874422 1865.04412556 2201.76806647 1807.25847205
  976.76119859  648.35039463  724.78557705  611.84787343  918.81941658
  774.67101105  635.51441861  465.92900591  410.07049916  702.64894845
  528.57018281  474.38629737  411.05228343  672.32250453  751.82366318
  837.02263498  878.32919329  548.83354777  637.55075635  748.05302702
  634.90093945  740.13129746  553.86426346  562.6624115   549.51341803
  547.9957832   520.05590282  531.39081829]","[1.25e+01 1.60e+01 2.00e+01 2.50e+01 3.15e+01 4.00e+01 5.00e+01 6.30e+01
 8.00e+01 1.00e+02 1.25e+02 1.60e+02 2.00e+02 2.50e+02 3.15e+02 4.00e+02
 5.00e+02 6.30e+02 8.00e+02 1.00e+03 1.25e+03 1.60e+03 2.00e+03 2.50e+03
 3.15e+03 4.00e+03 5.00e+03 6.30e+03 8.00e+03 1.00e+04 1.25e+04 1.60e+04
 2.00e+04]","[1858.42956429 1504.06746912 1204.10580045 1062.03517091 1290.69571687
 1441.79934618 1023.58517376  894.92138684  578.03161145  635.02631962
  723.36919831  618.00526455  627.79602039  636.30619635  753.69063026
  783.4040081   633.78169848  775.36081667  772.83369827  699.58846211
  701.91149419  685.94253958  744.87018085  762.95895853  760.01781588
  759.58662215  725.56569337  653.01412612  628.94841636  615.18118478
  480.23400602  442.98956574  469.80107906]","[1780.49132734 1573.27922059 1263.09875902 1012.43648633 1049.03218251
 1004.10244216  889.33721286  667.30436627  737.44400048  612.60084505
  874.42153939  687.37144439  680.85906167  655.65677657  739.41752269
  873.78078333  684.01693447  827.88124986 1014.31129771  898.65722981
  856.74127833  797.51506338  827.93451322  818.7635557   814.94699115
  854.12067526  800.48940492  651.62498317  651.62371477  615.58758186
  483.35131729  467.74492178  466.25334886]",b39811bc16fb8c2d2c771ce5b194f3e7b3579933456e9f328efd544d467847e0,2459dc0272e3fea39c59f861d46a09092aa62e0f6382d9c74db38b5e1e8786e5,10.0,196168,1383811,868319,False,1.6835799045971251,YOTZEV34zhY.wav,True,"""/t/dd00018""",YOTZEV34zhY,4.188111731397831,-0.08721292067942789,39.39041624546456,22,44.315037387610346,58,166.5423583984375,129.2923126220703,19,1.1610251325820844,6,2.38709279317906,-0.10270389286949388,20912,147045,LING CHUTORTURER ,1546,Daffodil Mystery,2010,Julie Bynum,F,36,train-clean-360,THAT'S A LIE ROARED MILBURGH IT'S A LIE I TELL YOU IT'S A LIE I SHALL DISCOVER WHETHER IT IS A LIE IN A FEW MOMENTS SAID LING CHU HE PUT HIS HAND INSIDE HIS BLOUSE AND MILBURGH WATCHED HIM FASCINATED,91.24807084858541,1,-1.3494381894454923,0.08325010866272377,train
20,"[-17.37739808 -16.8261211  -14.25643358  -9.9627843   -5.41945924
  -7.6725472   -6.85563769  -4.7638092    1.69953683   0.0918156
  -2.90115068   6.62015004   5.93213491   5.26177352   6.54197783
   6.28648621  11.45661519  12.56076647  12.80946171  15.41703941
  10.58878811  12.23658723  11.97633172  12.74367351  13.30326934
  13.2048563   12.26449631  14.22837829  13.98523922  12.10540336
  10.48415517   9.46462814  10.49011236]","[-1.01021688e+02 -9.16969056e+01 -8.27264469e+01 -7.23800672e+01
 -6.01441927e+01 -6.11667663e+01 -5.69866253e+01 -5.25802025e+01
 -4.79966997e+01 -4.75023235e+01 -3.79769812e+01 -3.48181553e+01
 -2.83361222e+01 -2.02347959e+01 -1.68632924e+01 -1.20836564e+01
 -8.37400495e+00 -6.17584261e+00 -2.59671454e+00  8.44041252e-02
  3.29408096e-01 -2.06710020e+00 -1.83607938e+00  5.98383316e-01
  2.46661717e+00  3.68012992e-01  4.73467410e-01  8.60704371e-01
  4.87276931e-01 -1.36382681e+00 -4.21032675e+00 -4.49046888e+00
 -2.77604322e+00]","[2400.34035962 1938.92877343 1534.03003349 2671.43901744 1263.03860814
  994.37763794  756.36132209  767.70871588  691.2270227   498.9468008
  640.6879272   352.74112396  413.79833263  657.29078754  450.1167155
  547.25115006  218.41372714  189.21834875  232.21569843  128.97998562
  265.70095525  295.73109556  309.64937187  242.45302263  266.88560882
  245.84736918  290.47000085  235.0758837   217.6899205   291.46762482
  298.33996499  316.10559993  310.15883917]","[1.25e+01 1.60e+01 2.00e+01 2.50e+01 3.15e+01 4.00e+01 5.00e+01 6.30e+01
 8.00e+01 1.00e+02 1.25e+02 1.60e+02 2.00e+02 2.50e+02 3.15e+02 4.00e+02
 5.00e+02 6.30e+02 8.00e+02 1.00e+03 1.25e+03 1.60e+03 2.00e+03 2.50e+03
 3.15e+03 4.00e+03 5.00e+03 6.30e+03 8.00e+03 1.00e+04 1.25e+04 1.60e+04
 2.00e+04]","[ 612.69319562  861.99726881 1278.36044518  815.29681017  832.56776195
  365.00767452  444.50439849  370.84915903  405.39056821  385.91365317
  324.40142053  353.94037497  303.20298154  303.77406864  343.63399547
  286.51905448  318.11680807  349.24982098  255.0679148   356.00206658
  273.58183001  284.11617734  251.8325285   274.4041178   295.58144729
  295.04098043  279.13215556  270.37364364  262.31637521  275.13352165
  302.80316524  289.76326732  310.50233697]","[ 560.65273172  821.07795597 1043.49246304  721.12575271  734.65901601
  419.89111331  533.63326066  428.95994853  390.29736027  350.72729313
  318.43361528  345.84746848  289.20431909  300.22583327  307.64591163
  311.82832977  326.15099857  358.73026707  296.93978733  348.01949728
  291.08328615  300.00437102  273.22252118  299.47057504  281.34381457
  276.52787887  273.93610509  266.96889084  258.17367362  278.12459298
  291.32652791  291.1478625   300.00293219]",978f4f5156910cd9e9c1ed862dbb03197504e6211a2d8d4656100d0f77956b29,078af45096ebc9d33f5f81df8444df52a373e066155b6a8e8303861779dd04f4,10.0,214312,1826040,1911973,False,0.6930637612023416,4Gvq1iyPSLI.wav,True,"""/m/09ct_""",4Gvq1iyPSLI,4.0479036118524165,-0.024472472964243156,22.055815922424323,21,44.29972979416689,39,174.9852294921875,133.480712890625,20,-1.925602658810778,3,1.377716051874943,-0.2926819944919261,435,166683,Liquids ,2516,"Miracle Mongers, an Expose",3105,gfairch511,M,24,train-clean-360,THE HEAD DRESS IS A LARGE CAP WHICH ENVELOPS THE WHOLE HEAD DOWN TO THE NECK HAVING SUITABLE PERFORATIONS FOR THE EYES NOSE AND MOUTH THE STOCKINGS AND CAP ARE SINGLE BUT THE GLOVES ARE MADE OF DOUBLE AMIANTHUS CLOTH,99.90156564308343,1,-1.7274550070117316,0.4860234862671655,train
21,"[-16.41101549 -16.1806896  -13.54037628 -12.00376977  -7.41751849
  -6.00426786  -4.53948025  -2.24593783  -2.89379917   3.35670113
   4.18328147   8.27618786   6.99833339   2.62050748  -2.17128649
   1.64655038   0.98351069   3.86245573   6.44312656   4.05048289
  10.1479761    9.57752608   8.20173913   8.15835209   6.04476672
   6.84106229   6.01916261   6.434232     6.80820017   7.59607284
   8.44383956   9.85021923  10.91820063]","[-101.93423558  -94.15855457  -88.50529082  -79.68250135  -69.09462503
  -65.3021651   -65.67198615  -58.60222896  -52.61869676  -52.82574757
  -41.66432384  -39.44934245  -33.93281834  -31.39266006  -23.61507447
  -15.28738895  -11.3618667    -9.70184955   -3.52538347   -0.57350766
   -6.18813034   -6.38571908   -1.03901731   -1.75237203   -2.98134772
   -3.69783883   -3.98889864   -3.18620416   -5.8546859    -7.77089256
   -8.50919798   -5.67209954   -3.25743255]","[2368.07137736 1850.03572377 1490.69794642 1641.69725217 1397.14650846
  949.82437996  719.46601161  900.61660329  896.45214877  570.79218173
  839.6598886   333.30220002  446.95178467  795.57498218  687.30010294
  719.26110086  936.10100569  710.20767031  580.33748238  797.8740637
  519.55570387  499.368707    740.26039793  744.17061784 1001.55367905
  748.09356572  713.58542156  679.09692439  663.49463733  580.61261373
  473.76833285  458.59092299  373.29773373]","[1.25e+01 1.60e+01 2.00e+01 2.50e+01 3.15e+01 4.00e+01 5.00e+01 6.30e+01
 8.00e+01 1.00e+02 1.25e+02 1.60e+02 2.00e+02 2.50e+02 3.15e+02 4.00e+02
 5.00e+02 6.30e+02 8.00e+02 1.00e+03 1.25e+03 1.60e+03 2.00e+03 2.50e+03
 3.15e+03 4.00e+03 5.00e+03 6.30e+03 8.00e+03 1.00e+04 1.25e+04 1.60e+04
 2.00e+04]","[1887.99590525 1475.76102765 1176.04744604  810.49231184  879.01981933
  842.77222806  678.83260014  644.65439039  658.17270263  514.3733386
  579.15098272  893.17941509  863.75491748  467.13369642  865.39922795
 1094.63794545  861.64212979  961.74549951  974.35886234  960.28846349
  813.06177198  741.58872914  792.9404412   870.255318    929.85461971
  959.87542351  876.41226497  715.50589549  741.83938879  717.86978943
  491.61965329  451.76723487  479.02760592]","[1951.12040943 1566.63898802 1225.47185922  860.69471156  881.03158985
  643.58848569  671.35417811  511.72369748  580.8744678   474.08140917
  559.87224169  778.42622673  821.17323348  569.51254723  895.45193343
 1035.80050105  985.80706979  899.85634936 1078.09103101 1018.05604011
  926.20740337  804.89673099  755.1705585   906.25906486 1003.5947841
 1051.93034812  955.33056654  764.17611027  773.91823192  751.73105482
  503.24921982  460.8485139   468.3762735 ]",000622ca77673b5600dc9cdcf53232590cd34598b9d0b3491c9bf111560d9817,dab9d6fdded22f74ce5563edd8de6f7499451129747f5b63cc9bd37d199ae926,10.0,203851,1766559,994428,False,-1.8558400673350057,8GD5qFlY7CE.wav,True,"""/m/01xqw,/m/02fsn,/m/0d8_n,/m/0l14_3""",8GD5qFlY7CE,2.5479752314714714,0.17387016689653034,33.80259769225548,7,205.2156512553811,35,616.841796875,627.4642944335938,21,-0.3919705227124251,9,3.992208776387607,-0.06880584723614103,10659,138113,Part 2 ,1073,Camp of the Dog,1336,Charlie Blakemore,M,32,train-clean-360,AND DID IT SO THOROUGHLY THAT NOTHING IN THE LITTLE CUTTER WAS EVER FOUND WANTING AND WHEN FOR ANY REASON HIS PRESENCE WAS IN DEMAND THE FIRST PLACE TO LOOK FOR HIM WAS IN THE BOAT AND THERE TOO HE WAS,90.54502223157631,1,-0.9123418442996822,-0.09924182425150274,train
22,"[-17.30712176 -16.47575726 -12.78712386 -11.07471138  -9.24918923
  -4.0027716   -4.33289061   1.18235808   3.32894823  -0.52096776
   3.39221363   7.01200767  10.99733275   3.6977353    0.96279261
   5.17641048   3.10759046   8.58673128   7.8575181    7.17575346
   6.16211657   6.0231246    8.37399693   9.55468339   9.71492506
   9.58902744  10.19683866  10.10092218  11.45445894   9.34223589
   9.41705538   9.3360527    9.46293108]","[-110.98280698 -100.8627276   -90.49309113  -82.191988    -73.51141563
  -63.45145309  -62.2690853   -56.55161097  -55.52339653  -60.26605136
  -51.00536291  -43.04746257  -40.70263201  -32.10096032  -26.74400344
  -23.71330447  -18.77106897  -18.28345296  -13.03193955   -8.29168357
  -10.30886623  -11.2297291   -14.15440101  -16.43599934  -17.21161303
  -19.44334165  -23.85514126  -24.17401036  -27.48051878  -27.70698986
  -29.03670967  -28.84613298  -23.44688677]","[2429.95068828 1899.82125505 1420.54703613 1570.04032704 1223.87322366
 1128.77116017  684.70643859  588.32292821  405.83995339  580.41701747
  443.50238075  343.87565077  253.0479022   599.79735135  676.5448506
  419.17796865  461.00206343  387.09635913  415.37314312  426.84292962
  464.13245981  439.0192255   402.79091612  310.08657046  290.31630592
  313.11173214  309.1122357   314.45095099  289.30688499  339.54813566
  359.77214484  349.89955338  343.40554112]","[1.25e+01 1.60e+01 2.00e+01 2.50e+01 3.15e+01 4.00e+01 5.00e+01 6.30e+01
 8.00e+01 1.00e+02 1.25e+02 1.60e+02 2.00e+02 2.50e+02 3.15e+02 4.00e+02
 5.00e+02 6.30e+02 8.00e+02 1.00e+03 1.25e+03 1.60e+03 2.00e+03 2.50e+03
 3.15e+03 4.00e+03 5.00e+03 6.30e+03 8.00e+03 1.00e+04 1.25e+04 1.60e+04
 2.00e+04]","[1113.86280762 1398.4987011  1139.3012224   632.42077598  786.91670848
  735.15695571  557.40798092  567.87440786  526.0615132   296.74716971
  487.55240437  489.26822138  490.0536729   259.59130708  331.82874508
  444.68112984  426.39417486  375.68869149  465.84700366  489.62422357
  419.18584363  359.4300537   429.31821222  409.23859177  372.61570454
  365.76921949  384.29219151  327.47838456  329.4991673   316.95837564
  330.1758925   319.13778629  315.94087499]","[1045.0416949  1151.61340787 1162.96706168  800.56602113  778.27331744
  550.91533596  522.99637902  498.65850499  495.12343446  255.96644147
  344.47279208  398.13122362  451.6374662   237.6818953   341.43108657
  381.5528211   394.10169845  432.42805442  439.12885617  495.92938726
  436.04081516  385.6643682   408.84735082  420.64302736  385.14245504
  397.45862567  380.78127962  337.18351773  345.0613887   328.31465589
  329.44983713  320.88127659  322.18854298]",23fa15b5fd1db854401f8ec465c6a9e7132be400d3f1095c2f3b37b242941043,3d9b2f41d76fa79eb85e0d87e26f353eb7df5d4211419ae65d4870514479b573,10.0,217008,1870593,1363837,False,0.17369578817845888,q4ZkKEcbncM.wav,True,"""/m/0395lw""",q4ZkKEcbncM,0.7459161155386761,-0.16989699822026072,32.07593981365188,9,43.56788127183063,13,166.41502380371094,130.5450897216797,22,1.7626831354363013,4,2.6605705548245,-0.05051903285600989,24777,254918,"First Part, Chapter IV, part 3. Marco Polo. ",6663,"Celebrated Travels and Travellers, vol.1",7342,Carol,F,44,train-clean-360,IT WAS AT THAT TIME A FINE TOWN AND MUCH FREQUENTED BY SILK MERCHANTS AND ITS BEAUTIFUL GARDENS PRODUCED ABUNDANCE OF EXCELLENT FRUIT THREE DAYS MARCH FROM HENCE,93.14484314560283,1,2.9364038591670294,0.0419642368714186,train
23,"[-17.24460247 -15.04153465  -9.96354922  -9.98806882  -8.89757383
  -5.86560125  -4.57080656  -2.98842871   2.18135401   4.40151521
   5.81126861   6.5723504    8.74152449  15.88051291  11.15604616
  14.52780507  13.35863986  13.53420372  11.45759958  10.62984581
  11.21488962  12.94784849  14.69975896  12.69727812  13.60115041
  14.06773033  12.89899057  12.33044731  15.88473864  14.37640256
  13.87573777  14.5962165   15.23924836]","[-9.49750979e+01 -8.49294388e+01 -7.53240581e+01 -6.64319783e+01
 -5.73600467e+01 -5.59198203e+01 -5.40539360e+01 -4.72776206e+01
 -4.50777092e+01 -3.91866438e+01 -3.58305237e+01 -2.81428308e+01
 -2.21142199e+01 -1.31533149e+01 -1.10736438e+01 -7.00515539e+00
 -8.59296290e-02  1.24163985e+00  2.78832064e+00  3.51515959e+00
  5.55600117e+00  8.47738101e+00  9.24371058e+00  6.69887379e+00
  5.45873222e+00  9.35024744e+00  6.29429973e+00  4.80786406e+00
  7.88930465e+00  6.64834076e+00  7.56271193e+00  7.99587716e+00
  9.72822363e+00]","[2341.58999304 1898.37592947 1254.57574955 1133.5982919   950.48850533
  737.26667178  742.41515967  656.2025566   546.2927976   781.71028631
  439.26019267  407.24812849  321.07590843  125.44550955  200.74808679
   82.44261957  119.73430846   74.27477027  246.62272219  313.42688052
  183.94419059   38.73659364   34.02692317  258.92853492  287.66408275
   37.72086906  331.46750171  405.60981929   74.00565596  100.52178384
  126.87274924  116.16651227    5.1828534 ]","[1.25e+01 1.60e+01 2.00e+01 2.50e+01 3.15e+01 4.00e+01 5.00e+01 6.30e+01
 8.00e+01 1.00e+02 1.25e+02 1.60e+02 2.00e+02 2.50e+02 3.15e+02 4.00e+02
 5.00e+02 6.30e+02 8.00e+02 1.00e+03 1.25e+03 1.60e+03 2.00e+03 2.50e+03
 3.15e+03 4.00e+03 5.00e+03 6.30e+03 8.00e+03 1.00e+04 1.25e+04 1.60e+04
 2.00e+04]","[1738.78274475 1465.02671585 1804.53820195 1129.01133638 1025.61978672
  882.35102791  684.50498278  695.49378191  591.93036467  489.00443768
  371.53099611  412.35618369  395.13549468  657.92679273  538.01499858
  475.36852334  559.45107119  555.77596493  454.47691192  456.90913581
  489.10674474  502.12504809  482.6906315   470.49087254  494.15179663
  513.3035594   467.39482926  452.92588227  441.39265168  486.91004043
  489.85079466  471.53238812  472.97073032]","[1531.69085831 1406.44386888 1444.85725149 1119.51294697  937.00358724
  704.30133205  715.17901455  581.07028832  511.05707457  449.55442678
  398.65433894  463.00738662  413.08598117  539.52484202  527.38487047
  460.84872294  476.33316073  506.72763658  465.85416913  456.87532603
  478.68668298  479.76395076  450.9229211   471.35172938  497.31529134
  463.02670192  447.98694636  449.69045666  456.65749914  467.00266342
  457.91906018  448.11146835  462.4761676 ]",a2375cd18f9dfa4f3c637931b6fbd948b7e9ea39b4f6bdce477c81cd0b38d749,84fe6ae7c3190a46de749ec4bae071b19d3045d79191ee0a13161fccc2b68c79,10.0,212632,1741646,1334587,False,-1.2251177960531061,36vbgLgd4t8.wav,True,"""/m/03qtwd,/m/053hz1""",36vbgLgd4t8,3.283985871730973,0.09760616131099464,31.95851457893741,20,55.17217778892278,49,200.20651245117188,165.58163452148438,23,2.9011408002669086,9,0.9872745342936552,0.040638949953017096,18247,139469,"16 Vol 2, Ch 05 ",1133,Last Man,2002,Larry Maddocks,M,46,train-clean-100,QUITO WAS DESTROYED BY AN EARTHQUAKE MEXICO LAID WASTE BY THE UNITED EFFECTS OF STORM PESTILENCE AND FAMINE CROWDS OF EMIGRANTS INUNDATED THE WEST OF EUROPE,97.89530071647384,1,0.00044488114716312316,0.04592502724040326,train
24,"[-16.1527967  -16.49492464 -13.13825643 -12.06723469  -9.96516067
  -4.16134024  -2.44294365  -1.3100454    3.74672826   8.5627261
  -4.8348619    6.57354131  13.9444919   16.60849262  11.58364771
  11.93788863  19.26608938  19.19305724  20.11603836  21.13844092
  18.10694737  18.11306945  18.89767601  18.8721466   17.72799349
  18.95803423  18.90496188  18.33049738  16.99333263  15.22605087
  15.710921    16.28567306  15.99264368]","[-103.15567095  -94.39450009  -84.70344788  -75.60468162  -65.41008157
  -56.7902215   -57.68234639  -59.98796609  -57.01743465  -54.26135142
  -39.34944035  -39.31866279  -28.80339841  -26.62047783  -21.43744556
  -18.61128781  -10.62431681   -8.78876566   -6.37913672   -1.36746824
    2.0480284     0.77522221   -2.45984398   -7.06149696   -4.38999055
   -0.68660699   -0.79864051   -3.495206     -2.291308     -5.71399473
   -7.82808453   -7.13680347   -4.08107507]","[2244.77563694 1789.27208266 1626.41114328 1578.63850776 1486.01824336
 1117.38058818  581.98990743  571.11010346  406.98922757  332.34289243
  759.13253297  359.72737479  263.84165228  232.69420254  145.54478547
  195.69543893  111.03430343  214.58735804  192.05849924  253.9071033
  136.10176388  183.69290455  201.32953436  148.8780463   156.94841085
  179.19703195  173.27409786  153.49709813  175.80881975  182.98646878
  163.31835071  166.80258182  193.43146858]","[1.25e+01 1.60e+01 2.00e+01 2.50e+01 3.15e+01 4.00e+01 5.00e+01 6.30e+01
 8.00e+01 1.00e+02 1.25e+02 1.60e+02 2.00e+02 2.50e+02 3.15e+02 4.00e+02
 5.00e+02 6.30e+02 8.00e+02 1.00e+03 1.25e+03 1.60e+03 2.00e+03 2.50e+03
 3.15e+03 4.00e+03 5.00e+03 6.30e+03 8.00e+03 1.00e+04 1.25e+04 1.60e+04
 2.00e+04]","[238.93390386 453.13881822 520.50078558 475.09540954 329.71064535
 781.61986314 540.76139276 218.48481888 644.88959093 597.73719875
 334.0702461  452.43867836 245.13909971 160.93658525 230.91620462
 158.02408424 178.62740674 229.00903744 185.55466715 140.06146253
 217.69284969 215.91856646 174.44591564 192.19674396 201.14938082
 173.06646434 192.76969969 187.4640359  198.06576159 194.35957281
 195.71444459 199.0768452  189.64132073]","[168.44468475 411.01763427 484.55803516 433.55555088 381.80697745
 677.02149598 497.14286039 460.30883187 461.52342949 493.60460993
 345.08139615 432.45091616 230.11866487 167.2942003  213.47476346
 167.06465131 194.46986738 227.36510933 190.09670604 153.19279473
 188.83338455 185.02754791 190.89328364 192.43983083 179.93464384
 192.71796203 195.79104625 197.06353714 189.78572949 187.33626996
 194.96284809 190.37840084 189.79118963]",94d8de725bb42f6630c02327b4f48b8f49bf02cb300564daedc5408e30209abe,26c7577e8566fdafa07b81d9b3a379e858425aed5952ad93f7910c77546a7c37,10.0,210933,1743697,1632660,False,-0.9682794615504644,jImd32B41MM.wav,True,"""/m/04rlf,/m/07rwj3x""",jImd32B41MM,2.628283542545738,-0.020648877827898815,26.442086498439885,8,39.00746880193242,30,159.24465942382812,125.64224243164062,24,0.7157925614943936,4,2.126908280778396,-0.1464053394226683,22409,28433,07 - Going to Nome ,4066,Woman Who Went to Alaska,3235,Karen Commins,F,19,train-clean-100,AND I FOUND NO BETTER OR MORE CONGENIAL COMPANIONS ON BOARD THE SHIP THAN THESE FOUR HONEST HARD WORKING WOMEN SO FULL OF HOPE COURAGE AND GOOD SENSE AS WELL AS CHRISTIANITY,97.17245792939862,1,-1.937332455144773,0.17606672965688652,train
25,"[-17.84207911 -16.74872952 -13.65502748 -14.0499812  -17.75087073
 -18.89291551 -11.31619952  -4.29966038  -4.8185956    1.84610541
   4.29717232  -3.40951053  -6.96000096  -0.1711568   -0.83706394
   1.25023825   0.86665325  -1.24706685   0.97297576   3.73172884
   2.17376698  -0.90920145   2.85206652   0.10387102   1.45794662
   2.12408939   1.4126128    1.80723161   1.91338266   1.94780138
   4.71861463   4.48527606   4.09842728]","[-111.71928029 -102.08033408  -92.4421068   -81.83097163  -72.50364168
  -70.66156978  -64.59274593  -62.25455755  -60.8511515   -60.24929514
  -51.43057933  -45.26604145  -38.86044725  -33.54855266  -26.83632641
  -19.57399363  -17.32873436  -14.25994286   -9.62695368   -8.80825089
   -8.94643567   -9.9823522   -12.58594486  -12.36935453   -9.29166711
   -7.88656435   -9.92165768   -8.86147985   -9.67874748  -11.71916472
  -12.84250732  -10.76526972  -10.70303117]","[2312.79075388 1835.22846724 1608.29517471 1782.08828542 3090.62145361
 3300.64255694 2197.93892187 1369.41942464  864.32188624  917.16770055
  664.738052    887.92732429  829.93314486  888.77600183  992.13433283
  955.43222393  894.70721    1024.19665969  840.91936005  784.98619313
  730.42887628  949.31403677  769.15745145  783.12666601  900.83075767
  874.2324797   773.09988427  751.21962307  768.30485662  718.81113682
  517.11138345  504.37369789  520.22422269]","[1.25e+01 1.60e+01 2.00e+01 2.50e+01 3.15e+01 4.00e+01 5.00e+01 6.30e+01
 8.00e+01 1.00e+02 1.25e+02 1.60e+02 2.00e+02 2.50e+02 3.15e+02 4.00e+02
 5.00e+02 6.30e+02 8.00e+02 1.00e+03 1.25e+03 1.60e+03 2.00e+03 2.50e+03
 3.15e+03 4.00e+03 5.00e+03 6.30e+03 8.00e+03 1.00e+04 1.25e+04 1.60e+04
 2.00e+04]","[1860.86378962 1477.43714124 1611.97470996 1395.42559246  666.0621486
  270.69593368  812.20913438  924.30457497 1394.2352944   971.04487112
 1326.30833169 1159.01772899 1025.47598301  772.83989635  971.44169297
 1077.41828198  860.06519867  945.13304305 1050.19471586  879.06336481
  929.26040893  828.67363346  892.94530336  868.18375824  853.79967305
  906.11786914  862.26219195  740.78973718  740.21505847  713.22200286
  504.87103328  447.27032165  481.5649016 ]","[1946.05540518 1588.48293016 1370.81360233 1403.68171042 1124.06908822
  796.21294147  843.93235716  975.0431759  1219.67991354  977.14150114
 1122.74806224 1160.38802641 1045.28173944  969.6253355   947.68085638
 1041.14138936 1021.88483736  945.14196749 1072.36869061  934.34810745
  991.51115416  849.5749407   905.14117905  887.46518649  874.16774443
  927.985575    881.96940223  754.88107724  750.2754731   728.97967374
  518.7044019   470.64603763  471.01397784]",92dd2cd1758f50cf71eb8792e464422a74f6e7250f6f8d1a7edac30fcd6b5b21,bc1d6f144fc1aa465ccc33267c0c78a2a490df762d6009642a4844afdbdf7f30,10.0,199109,1864330,1368188,True,-1.9116823543923644,H22iylZkzOU.wav,True,"""/m/07pggtn""",H22iylZkzOU,0.7707409250279375,0.06680700802388095,33.47389661661242,11,30.557922885433527,53,133.6223602294922,99.9267807006836,25,0.1844381823103625,8,2.19012519030161,-0.051171078092939304,34901,124990,Ch 4  Of the Limits to the Authority of Society ,304,On Liberty,409,Mike Kauffmann,M,104,train-clean-360,THAT THIS RELIGION LIKE OTHER AND BETTER RELIGIONS HAS ITS MARTYRS THAT ITS PROPHET AND FOUNDER WAS FOR HIS TEACHING PUT TO DEATH BY A MOB THAT OTHERS OF ITS ADHERENTS LOST THEIR LIVES BY THE SAME LAWLESS VIOLENCE,98.99143843891719,1,-1.5354923532417084,0.095337821608104,train
26,"[-17.43712128 -16.62437393 -13.35662852 -10.6183311   -9.69508921
  -7.27563179  -5.74310041  -3.1738291   -4.78006458  -5.04814024
   5.25407508   4.82392286   8.14295426   4.82456151   6.46234694
   6.23677556   7.85806218   5.96781908  10.43105658  10.56672657
   7.80188292   7.92840184   7.80742143   7.28910193   8.29298273
   9.01046786   9.36073471   9.72496693   9.51755433   9.09163447
   8.61294283   9.00274155   8.64062161]","[-105.67015851  -96.73802539  -88.84651825  -78.21672155  -71.21433075
  -60.87376762  -56.98926414  -55.14898654  -53.80267833  -53.32194574
  -46.47997393  -31.86734459  -31.54705928  -28.61774486  -21.72066407
  -19.06363275  -14.61014228  -10.1341616    -7.65064287   -5.44578186
   -3.83484835   -5.38478633   -7.02407571   -8.14622734   -7.3310566
   -4.75757599   -3.59252042   -4.03552969   -8.41085563   -8.46063784
  -10.08986738   -7.52982768   -6.03949474]","[2404.65407245 1891.49026045 1606.59033569 1092.69888554 1567.13567465
 1517.66112405 1191.887012    679.06328219  718.40019455  977.97155764
  394.71218518  644.35900625  321.73460069  534.62246121  568.47445617
  402.27432386  362.68206945  406.24631235  238.82324317  253.14434885
  371.23164276  383.39143785  396.78093645  378.45618695  384.7373891
  355.79239176  343.78848903  350.86564449  306.41552367  346.22839384
  355.93354983  349.17597126  370.61492415]","[1.25e+01 1.60e+01 2.00e+01 2.50e+01 3.15e+01 4.00e+01 5.00e+01 6.30e+01
 8.00e+01 1.00e+02 1.25e+02 1.60e+02 2.00e+02 2.50e+02 3.15e+02 4.00e+02
 5.00e+02 6.30e+02 8.00e+02 1.00e+03 1.25e+03 1.60e+03 2.00e+03 2.50e+03
 3.15e+03 4.00e+03 5.00e+03 6.30e+03 8.00e+03 1.00e+04 1.25e+04 1.60e+04
 2.00e+04]","[ 611.00481066  866.80652774 1173.74877617 1256.20924273  415.50179964
  696.63964517  535.08494578  427.82549566  506.55970214  252.06134881
  454.29567802  556.67135889  392.60068368  247.24327037  377.27806782
  400.66873237  372.3709886   287.0381937   351.8328883   339.06883499
  317.07537517  349.60951682  324.99073737  326.14229058  341.47149953
  322.25594668  348.95536274  346.15237993  328.70619896  315.92597631
  333.56427407  307.97422546  320.16425558]","[ 552.46332058  785.93009742 1024.22515694 1099.22151632  589.01228553
  601.24211635  431.56279326  372.68649244  467.90957167  254.2433404
  325.83226257  454.88776321  397.96182826  230.49805982  332.5862633
  338.41228816  351.54137846  341.99205572  353.00056001  332.7147453
  318.12507005  319.24466345  318.7882445   334.96738904  338.1520242
  344.95911171  333.59916614  326.41190146  323.0990304   316.04506053
  326.68468931  311.07297543  320.20218756]",90802d408160ab4551c91884c31c6078d794596a3151ee45f7b738fa0e9a920c,304af9be615c4faef2b060e5e54cb3f0ffa6509d52a7a8fe19cc64f68585b722,10.0,221688,1698469,1804295,False,-1.396133843074332,C3KP2eKC7l0.wav,True,"""/m/07qlf79""",C3KP2eKC7l0,2.117765618134615,-0.07657244734976576,21.943025045763957,3,31.772068988371046,50,137.6588897705078,99.92588806152344,26,-0.10502874167170617,3,2.114164236529438,-0.09103007990260625,28452,12707,01- Meat Part 1 ,3422,American Housewife,4226,Jud Niven,M,36,train-clean-360,THE NECK OF MUTTON MAKES A GOOD SOUP PARSELY OR CELERY HEADS ARE A PRETTY GARNISH FOR MUTTON EIGHT VEAL THE LOIN OF VEAL IS THE BEST PIECE FOR ROASTING THE BREAST AND RACK ARE GOOD ROASTED,86.56952833190553,1,1.626505102126182,0.05399558974175189,train
27,"[-1.75435804e+01 -1.66504346e+01 -1.40616087e+01 -1.45983312e+01
 -1.04130885e+01 -1.02170157e+01 -1.18278116e+01 -6.63500438e+00
 -9.34319056e+00 -8.83950014e+00 -1.67819344e+00 -8.01402744e+00
  4.53382291e-01 -5.92727821e-01  1.06543252e-02 -2.68199731e+00
 -4.14367188e+00  2.08786582e+00  1.40783976e+00  1.53964327e+00
  1.35098558e+00  2.94578973e+00  3.26323300e+00  1.04139457e+00
  6.43476127e-01  7.03970255e-01  2.91261933e+00  3.36757754e+00
  3.14510158e+00  2.18019638e+00  3.92617987e+00  4.04195354e+00
  4.45997279e+00]","[-110.1181164   -99.86676864  -91.40930714  -82.8220004   -72.0763012
  -67.10555899  -63.77276197  -58.25158955  -55.7973499   -54.59524075
  -44.98339981  -44.7314541   -38.91384241  -33.35000451  -29.70739028
  -23.15001305  -19.05274447  -16.97836943  -10.15044262   -6.75554918
   -6.67133653   -7.63623663   -9.05525083  -10.45529982  -13.10518108
  -11.40338181   -9.09297946   -8.18879298   -8.96767323  -12.67517021
  -11.42563631  -10.92844467   -8.37851218]","[2314.96038336 1813.78669236 1736.08166012 2351.54736405 1912.9495144
 3054.31643323 1874.40808802 1196.24117067 1227.68458863 1222.73423849
  842.84706034  944.91040553 1296.19586506 1145.99461739  979.00434861
 1112.76254427 1094.91165522 1039.87975423  740.84036     879.20113259
  770.63704651  790.04991886  693.42729349  801.93698314  819.59046609
  734.49723223  712.79314694  601.34217381  714.2461814   656.75324767
  520.72648124  517.18328214  514.12339622]","[1.25e+01 1.60e+01 2.00e+01 2.50e+01 3.15e+01 4.00e+01 5.00e+01 6.30e+01
 8.00e+01 1.00e+02 1.25e+02 1.60e+02 2.00e+02 2.50e+02 3.15e+02 4.00e+02
 5.00e+02 6.30e+02 8.00e+02 1.00e+03 1.25e+03 1.60e+03 2.00e+03 2.50e+03
 3.15e+03 4.00e+03 5.00e+03 6.30e+03 8.00e+03 1.00e+04 1.25e+04 1.60e+04
 2.00e+04]","[1865.37513798 1490.96484332 1376.81807804 1066.0575286  1176.76247385
  285.99152442  991.94967662  898.77658739 1327.02967088  763.45412484
 1336.23192657 1039.17886493 1110.61363432  839.19002743 1003.72706078
 1248.35608984 1049.74278505 1008.26942574  863.54291782  701.89989998
  772.07660634  771.63528684  835.68591931  842.31619857  821.78585286
  883.33152382  797.2481905   701.21162034  693.32864859  660.44967137
  490.63774536  447.14066882  468.6771944 ]","[1949.70197832 1595.49882186 1300.56591405 1163.23829706 1203.30857826
  796.15396299  869.00631957  983.05551944 1174.83208403  803.43675678
 1070.62590418 1035.18064913 1031.20404085 1026.99131329 1032.92296511
 1219.49951876 1264.52928529 1068.30625329 1002.93763909  816.16170262
  900.43946505  800.30983018  860.40258163  876.43117432  872.50904513
  926.53951355  853.16155451  707.28808264  706.11512536  673.53405476
  499.51574219  470.52324821  466.23009777]",504ee7d3bcb10bae8268e64096369e71e9933e806b235a180ee614e64e83dd7a,4d2d0836b5bb0cf18859ad8cfdf22ab5d992c2c6703cffc4913bc9bf08426b58,10.0,201361,1750536,1783339,False,0.9488750141307412,KjTS9IUxNqo.wav,True,"""/m/04rlf,/m/07q0h5t""",KjTS9IUxNqo,2.4411953548629004,-0.06804288229808542,16.48371689241003,19,42.32848318428137,44,158.33355712890625,119.2315673828125,27,-2.2464271254533985,9,2.5010730773104934,0.1692838748862311,32449,98644,"Life in the Cities, Part 1 ",6741,Japanese Girls and Women,7478,Dan Froese,M,3,train-clean-360,WHO HAVE MUCH OF THE BUSINESS VIRTUE THAT IS CHARACTERISTIC OF THE ENGLISH AS A NATION ONLY WITHIN A FEW YEARS HAVE THE SAMURAI OR INDEED ANY ONE WHO WAS CAPABLE OF FIGURING IN ANY HIGHER OCCUPATION IN LIFE BEEN WILLING TO ADOPT THE CALLING OF THE MERCHANT,92.4277487997126,1,1.56785394086691,-0.15687075652450222,train
28,"[-17.06134872 -16.3979814  -14.62676226 -20.14450664  -9.81390969
  -7.15688782  -6.12826406  -5.28273442  -3.96851465  -3.86874302
  -8.96474506  -1.9637843    3.55135228   6.82703621   4.72645626
  10.01846128   6.91076865   7.55491254  10.33880804   4.27794827
   5.95877322   6.49833879   9.12004159   6.72808161   6.2957024
   6.62593555   6.91312889   6.60925595   8.57860969   5.49546234
   4.11943043   6.95716765   5.33363297]","[-106.01355355  -95.72857893  -86.79994022  -80.48657841  -74.66632371
  -74.40543788  -69.53052163  -59.52070741  -53.27650774  -49.97282401
  -43.54744426  -41.49897431  -35.48553181  -30.67560445  -25.8067653
  -24.57249967  -15.11099371   -9.67051376  -12.36264205   -4.69067952
   -5.36518116   -8.20564169  -10.35979649  -14.4747032   -13.42680573
  -18.31374669  -18.96216923  -21.74516002  -26.0772936   -22.79910945
  -23.4334411   -26.9805808   -25.07745481]","[2398.95848302 1894.53892222 1613.7786277  2059.0386952  1004.81129466
  955.46822629  963.80142665  662.70421952  797.82970582  767.56662733
 1013.19891871  857.20987225  521.29571148  366.37152132  438.24530585
  226.41040818  382.50037544  454.83788345  234.22040343  502.04315248
  434.99151246  387.35171562  306.7940467   374.98340875  387.42418566
  382.47577222  409.75777782  392.45286811  327.96034977  387.23999774
  456.05541537  442.712455    448.91340961]","[1.25e+01 1.60e+01 2.00e+01 2.50e+01 3.15e+01 4.00e+01 5.00e+01 6.30e+01
 8.00e+01 1.00e+02 1.25e+02 1.60e+02 2.00e+02 2.50e+02 3.15e+02 4.00e+02
 5.00e+02 6.30e+02 8.00e+02 1.00e+03 1.25e+03 1.60e+03 2.00e+03 2.50e+03
 3.15e+03 4.00e+03 5.00e+03 6.30e+03 8.00e+03 1.00e+04 1.25e+04 1.60e+04
 2.00e+04]","[ 805.33455593 1319.51649464 1334.34124679  888.2413617   997.60248892
  589.17577565  516.36246897  499.4201541   651.1824257   462.75521948
  249.2976283   429.4583511   394.72047205  339.6278659   397.76855656
  389.65927596  401.24074889  462.31236184  401.17613896  396.18161319
  383.44751804  362.46914748  430.31999286  347.37091287  406.59291541
  382.23111816  362.86668819  350.33426076  352.04326439  374.88012723
  403.08676335  399.5842678   406.25130401]","[ 796.83045942 1211.00595432  872.06003064  833.5658469   911.81986441
  601.68371684  496.8463489   398.1368159   568.94481316  538.67841976
  407.50300766  416.82201351  365.61581877  348.68870271  373.17955856
  361.14121776  358.89421461  444.79229479  389.99091557  398.85200104
  383.27173714  379.98149641  395.23334862  380.133224    401.38640992
  402.16484213  365.42799256  344.04525285  347.86405062  379.27835769
  387.75304041  399.4961931   397.44140972]",c639c03c3645ee499f3ea0476b3f0198df90b4eb0f11322a5401337d93bd7ef0,ff9816ac128dee97115cb892bcbb87d0db5ee3a0ace68e60be0265c180b6886b,10.0,195710,1764017,1479047,False,-2.563428263579511,H8-GS4E93vE.wav,True,"""/m/03kmc9""",H8-GS4E93vE,2.803537853200616,0.06332276227217548,19.410361524571677,17,66.97756421489191,17,240.67330932617188,206.20648193359375,28,2.157464405029341,7,2.4355406971253326,0.04399244148736159,1184,121124,Danglars Signature ,47,Count of Monte Cristo,125,Claire Goget,F,71,train-clean-100,I MUST VISIT HIM HE SAID AND OBTAIN SOME PIOUS GRANT FROM HIM OH YOU MAY MAKE SURE OF HIM HIS CHARITIES ALONE AMOUNT TO TWENTY THOUSAND FRANCS A MONTH IT IS MAGNIFICENT,98.89856065685366,1,2.820240685007601,-0.06436796241262144,train
29,"[-17.03161439 -16.63356508 -14.64641417 -14.27154889 -11.4948895
  -6.02559151  -5.71068545  -7.68834501  -0.98497199   7.73743673
   9.63699736   0.53036023  -6.55073289  -0.05616963   3.03984502
   7.70947224   7.54837068   6.49815501   2.78357835   7.4225381
   7.89736103   8.57263577  10.10662802   5.91000336   5.06286304
   7.92477348   7.16910151   7.07698463   6.70668281   7.28362489
   6.56901932   6.2383079    6.16171057]","[-101.92028938  -91.96988085  -83.06110394  -73.85422124  -72.82532907
  -65.92860976  -62.02339261  -53.98386674  -51.60967156  -45.98014069
  -39.46008327  -36.78797272  -33.19623101  -25.65344435  -23.43384077
  -19.48829223  -12.83711979   -9.4720598    -4.22851228   -1.55228834
   -1.10792565   -3.83041524   -7.23708818   -9.39028094   -8.59398985
   -4.56866138   -3.1450836    -4.29805959   -8.43094191   -8.50344325
   -9.00875422   -6.68423255   -6.06572819]","[2392.96859751 1897.95948243 1889.8199448  2172.64817449 1325.11168779
  786.19273479  744.72086815 1285.96509801  631.87978066  306.92371875
  270.32953117  714.85097944  866.5773719   654.57941177  533.55274291
  339.74047535  378.12488366  495.58144147  508.73567369  538.77250988
  446.07234842  334.81262135  234.39448686  435.1922966   416.83192064
  391.29510368  399.58932477  415.19834786  377.48085813  376.82599506
  388.94127807  423.19311823  431.43686076]","[1.25e+01 1.60e+01 2.00e+01 2.50e+01 3.15e+01 4.00e+01 5.00e+01 6.30e+01
 8.00e+01 1.00e+02 1.25e+02 1.60e+02 2.00e+02 2.50e+02 3.15e+02 4.00e+02
 5.00e+02 6.30e+02 8.00e+02 1.00e+03 1.25e+03 1.60e+03 2.00e+03 2.50e+03
 3.15e+03 4.00e+03 5.00e+03 6.30e+03 8.00e+03 1.00e+04 1.25e+04 1.60e+04
 2.00e+04]","[ 853.97725114 1336.2559098  1245.38987868  918.79862455  600.66204856
  516.39543523  500.78703937  457.89835229  547.26277544  625.76168865
  711.75261014  544.14752692  422.77707615  381.24106114  337.52466136
  372.97067081  360.69384226  421.74703185  377.72147042  417.0069988
  407.94870141  353.02785227  402.67441363  398.79312349  365.87825714
  370.28387082  373.10147342  372.40926156  381.6444077   378.26289495
  364.52696592  364.22563511  350.84263846]","[ 831.46323494 1173.14982092 1043.16347002  899.7986955   757.68761798
  509.59273947  508.06831121  539.53198155  509.83925145  478.58234075
  603.42863391  408.04253354  399.58844963  390.24012583  397.13724223
  398.98643297  403.85186448  368.34408039  422.80023729  401.0979295
  396.62086355  384.63297181  406.77978393  386.64584806  370.16553037
  396.1526377   391.80699046  375.74160204  376.01043684  372.15940016
  363.03882194  362.40974089  350.83193578]",8379fe70c19a797cb30eed10cc12121c12a210a5ff3b92aa6fddfab15209a69e,69ef850d705f2f9c851f3a8848c7ac09c9fe605de8e21e11febcd02785085c04,10.0,207259,1992437,1212732,False,2.9511914221832534,7S_KQyc4PRw.wav,True,"""/m/013y1f,/m/03gvt""",7S_KQyc4PRw,2.119493387821336,-0.0035587480666157134,35.74253677335342,10,60.65517306250359,52,226.98330688476562,185.4217071533203,29,-0.16334926530298155,11,2.7836710709350774,-0.14552524480748374,38219,270782,Archaic Remnants and Infantilism in the Dream ,7296,General Introduction to Psychoanalysis,8975,Daisy Flaim,F,18,train-clean-100,HIS HEAD DEEPLY SUNK INTO HIS NECK I CONCLUDED FROM THE CONTENT THAT HE WAS A PHYSICIAN LUCKILY I WAS ABLE TO ASK MY MOTHER WHO WAS STILL LIVING HOW THE PHYSICIAN IN MY BIRTH PLACE WHICH I LEFT WHEN I WAS THREE YEARS OLD LOOKED,88.2473469356638,1,1.6147310909021746,0.07249573276184051,train
30,"[-16.67260817 -16.70807477 -13.94497429 -14.20489855  -7.3379834
  -7.89721851  -3.23633677   2.95762851  -2.77093677  -1.63639026
  10.29487589  16.02471971  15.24802191  13.93249004  15.75307315
  24.90022946  20.46209367  20.69284232  19.93835851  24.28127155
  20.79667907  18.60176492  20.17148619  19.39240199  16.96138865
  20.18270907  20.16590084  22.52768658  20.74959349  17.44684208
  17.11627963  16.6365417   18.24698715]","[-98.46763448 -90.97428955 -82.69081215 -74.71338638 -61.42274461
 -55.67136386 -50.41466923 -46.91713484 -54.40431414 -47.69224106
 -34.68921903 -30.87206041 -25.74216532 -22.73813516 -15.04549173
 -14.80344009  -9.49129558  -3.18141042   1.99746332   6.52914912
   6.65461008   7.29275252   5.28158647   0.66030019   0.96647687
   1.16176834   5.84238588   6.54119114   4.80024838   0.10068895
   0.52725533  -0.30008038   1.01422962]","[2308.6945463  1857.01712797 1532.75623589 1856.96917772  985.57811553
  918.99184788  619.63709276  423.49692651  605.36368931  546.44695608
  258.83810956  181.92602623  182.14301129  249.26386561  191.54312201
  188.60978068  221.70388322  203.40933113  170.04383284   93.038619
  146.65291318  166.56910999  192.63215164  253.75659745  247.20899429
  286.25573994  289.33345231  282.20530833  327.26734122  199.70285944
  193.12088835  196.29545608  256.23883702]","[1.25e+01 1.60e+01 2.00e+01 2.50e+01 3.15e+01 4.00e+01 5.00e+01 6.30e+01
 8.00e+01 1.00e+02 1.25e+02 1.60e+02 2.00e+02 2.50e+02 3.15e+02 4.00e+02
 5.00e+02 6.30e+02 8.00e+02 1.00e+03 1.25e+03 1.60e+03 2.00e+03 2.50e+03
 3.15e+03 4.00e+03 5.00e+03 6.30e+03 8.00e+03 1.00e+04 1.25e+04 1.60e+04
 2.00e+04]","[420.12745635 379.12606495 557.20450494 456.12182311 781.31272667
 306.61656251 413.78515745 482.97267833 289.44760757 239.60563537
 299.52403717 343.86577681 363.18450712 329.59673819 309.97352007
  96.48755588 162.1527639  169.62334394 161.64381444 153.96529968
 179.90674555 213.37552475 186.70444945 184.12316274 195.28537097
 204.93134105 192.99747988 174.03548434 183.78495857 201.20060083
 208.02769148 206.69699697 203.65304106]","[403.07699794 359.21666867 517.52430827 435.20849579 604.00507145
 341.00649206 452.81846617 457.64146679 312.9131448  262.41710699
 324.38299524 301.92618106 326.0762637  298.38676578 300.63170432
 175.78426165 162.0806985  176.87692773 179.22373318 162.77141216
 182.54620187 197.73493787 177.99220107 208.75794575 228.54572121
 216.55867722 212.04947265 192.70294998 209.02063009 202.89798892
 202.9545529  200.84787522 205.93599164]",c22c95d07bafffdc7f997d720c456a2a76f93eb11a06089cbf755192dea2afac,74a98c6df940ae75e0ab2153e83408dbd78342b2abce33afe2989101f8c8984c,10.0,216011,1874252,1723664,True,-0.06738214571639478,yro5jQo47ZU.wav,True,"""/t/dd00125""",yro5jQo47ZU,1.975464837933321,-0.08253557592923944,22.923454341926917,3,55.53623620504692,5,206.520263671875,168.52210998535156,30,-1.834647553649365,1,1.6551317988410914,0.06299359040281072,14021,43301,"07 - Book 1 - The Advent: Chapter 3, Part 1 ",4617,Lord of the World,5678,jgoffena,M,1,train-clean-100,IT WAS THROUGH THIS ALONE THAT THE FALSE UNITY OF THE CHURCH WITH ITS FANTASTIC SPIRITUAL FRATERNITY COULD BE COUNTERACTED SAINT PAUL HAD BEEN RIGHT HE DECLARED IN HIS DESIRE TO BREAK DOWN THE PARTITION WALLS BETWEEN NATIONS,91.00989044699958,1,-1.6103958416631967,-0.057282532351996984,train
